{"cameraMode":{"drawMode":0,"name":"Shaded","section":"Shading Mode"},"sceneLighting":true,"audioPlay":false,"sceneViewState":{"showFog":true,"showMaterialUpdate":false,"showSkybox":true,"showFlares":true,"showImageEffects":true,"showParticleSystems":true},"in2DMode":false,"pivot":{"x":-0.06436014175415039,"y":8.946307182312012,"z":23.946617126464845},"rotation":{"x":-0.4056156873703003,"y":-0.5274057984352112,"z":0.3163653016090393,"w":-0.6761943697929382},"size":9.872334480285645,"orthographic":false}