{"cameraMode":{"drawMode":0,"name":"Shaded","section":"Shading Mode"},"sceneLighting":true,"audioPlay":false,"sceneViewState":{"showFog":true,"showMaterialUpdate":false,"showSkybox":false,"showFlares":true,"showImageEffects":true,"showParticleSystems":true},"in2DMode":false,"pivot":{"x":-13.947309494018555,"y":-1.6477165222167969,"z":32.876468658447269},"rotation":{"x":-0.1412143111228943,"y":0.6426770091056824,"z":-0.12214051932096482,"w":-0.7430405020713806},"size":37.59017562866211,"orthographic":false}